name	licence	url	attribution	sha256
abandoned_bakery	CC0	https://dl.polyhaven.org/file/ph-assets/HDRIs/hdr/4k/abandoned_bakery_4k.hdr	Sergej Majboroda / Poly Haven	a34594492935ff05d142ff7ccbb7f82f0a51f91c79cbd09ab06f0b11527acea7
art_studio	CC0	https://dl.polyhaven.org/file/ph-assets/HDRIs/hdr/4k/art_studio_4k.hdr	Oliksiy Yakovlyev / Poly Haven	426c5059a81a3b33939a8a3eb95c4bbc378f94ab19cbbe62dac479b17aa5c988
bathroom	CC0	https://dl.polyhaven.org/file/ph-assets/HDRIs/hdr/4k/bathroom_4k.hdr	Greg Zaal / Poly Haven	4e38e03bc7d6bff7d59d4a7aa5d1f9c35276a6f6b7ef5cf3f1c052c702516d5b
billiard_hall	CC0	https://dl.polyhaven.org/file/ph-assets/HDRIs/hdr/4k/billiard_hall_4k.hdr	Greg Zaal, Jarod Guest / Poly Haven	8483536f377fe8aaca682775532e8fe6edef1dbe3e8b8204a4747c81b0d331d6
blue_photo_studio	CC0	https://dl.polyhaven.org/file/ph-assets/HDRIs/hdr/4k/blue_photo_studio_4k.hdr	Sergej Majboroda / Poly Haven	8b40025dfe7bce008b76cdce690bb1617e497407791f039cd34b478d1c0be877
brown_photostudio_02	CC0	https://dl.polyhaven.org/file/ph-assets/HDRIs/hdr/4k/brown_photostudio_02_4k.hdr	Sergej Majboroda / Poly Haven	368251c254a47dc7aaf532a515c0bd9ad3708ce5a3c5bb520b1628bcb9a37bc0
ballroom	CC0	https://dl.polyhaven.org/file/ph-assets/HDRIs/hdr/4k/ballroom_4k.hdr	Sergej Majboroda / Poly Haven	9449e558f3e6198c524cd0031b2391bf8c477a4b564c96c683d442bde6513866
aft_lounge	CC0	https://dl.polyhaven.org/file/ph-assets/HDRIs/hdr/4k/aft_lounge_4k.hdr	Greg Zaal / Poly Haven	6a8793a66859b210c042ab74df0193ea1d2e585dbe713b6f6a1491b6e604c472
anniversary_lounge	CC0	https://dl.polyhaven.org/file/ph-assets/HDRIs/hdr/4k/anniversary_lounge_4k.hdr	Greg Zaal / Poly Haven	d9f32b1203688185b7603b911e73754c5ad2e93524a7d76ebf4efb849624942a
boiler_room	CC0	https://dl.polyhaven.org/file/ph-assets/HDRIs/hdr/4k/boiler_room_4k.hdr	Oliksiy Yakovlyev / Poly Haven	64da9b3e4c5069b3e1bdd1120a23bec91fa0f35dbb4d5532bb6d841744f3bf58
artist_workshop	CC0	https://dl.polyhaven.org/file/ph-assets/HDRIs/hdr/4k/artist_workshop_4k.hdr	Oliksiy Yakovlyev / Poly Haven	a2f3e171d5817eca264688e051f98056a83595ebf3907f9c71685b6b16a0bb13
blinds	CC0	https://dl.polyhaven.org/file/ph-assets/HDRIs/hdr/4k/blinds_4k.hdr	Greg Zaal / Poly Haven	8fb2f66742888905efacc6e105cd09a3bfb1eaefee11e4eb14cc35c67eeb77f2
autoshop_01	CC0	https://dl.polyhaven.org/file/ph-assets/HDRIs/hdr/4k/autoshop_01_4k.hdr	Oliksiy Yakovlyev / Poly Haven	b9e2769daa72d370360593d79c625078feef49c96412678f9b56542302668202
bank_vault	CC0	https://dl.polyhaven.org/file/ph-assets/HDRIs/hdr/4k/bank_vault_4k.hdr	Dimitrios Savva, Jarod Guest / Poly Haven	cfb46a9425cac9fd17be6cdc8eb1a26f534bae8b0a1c464e6ff003460de4fc3b
kiara_interior	CC0	https://dl.polyhaven.org/file/ph-assets/HDRIs/hdr/4k/kiara_interior_4k.hdr	Greg Zaal / Poly Haven	54101351092be744a2338ac7897b85a374c6ff2573388cbdb1f7027c9fab2938
lebombo	CC0	https://dl.polyhaven.org/file/ph-assets/HDRIs/hdr/4k/lebombo_4k.hdr	Greg Zaal / Poly Haven	23a59b56482e804985ae8eae404a0d15a24ec924ad2f250e6f81371760ae2a48
hotel_room	CC0	https://dl.polyhaven.org/file/ph-assets/HDRIs/hdr/4k/hotel_room_4k.hdr	Greg Zaal / Poly Haven	a0deb966fae42dd6c7f069754b7102766bd083384cfd513122634ee38b01f88e
venice_sunset	CC0	https://dl.polyhaven.org/file/ph-assets/HDRIs/hdr/4k/venice_sunset_4k.hdr	Greg Zaal / Poly Haven	f243a060f84df1437705d2e50bbdbcce66aa55ddb2d913c18eb3f87873213b10
kloppenheim_06	CC0	https://dl.polyhaven.org/file/ph-assets/HDRIs/hdr/4k/kloppenheim_06_4k.hdr	Greg Zaal / Poly Haven	0e668c7a13101343d8cff37cdab4b440bb3483a4c8f9e8435df53e12eb843150
rooftop_night	CC0	https://dl.polyhaven.org/file/ph-assets/HDRIs/hdr/4k/rooftop_night_4k.hdr	Greg Zaal / Poly Haven	06a2e4950fd74501d342e54a233c940ba5f7806536e33fe965c97a1dda53920a
shanghai_bund	CC0	https://dl.polyhaven.org/file/ph-assets/HDRIs/hdr/4k/shanghai_bund_4k.hdr	Greg Zaal / Poly Haven	2e72825fd2502ae649f59035ecc9887c7d217dfe1a32e7915146d587fa2816e3
park_music_stage	CC0	https://dl.polyhaven.org/file/ph-assets/HDRIs/hdr/4k/park_music_stage_4k.hdr	Grzegorz Wronkowski / Poly Haven	c0593e5c3d3632f01bf7ba28076f180d214e516c277b563cbd9b454eadc6d001
studio_small_09	CC0	https://dl.polyhaven.org/file/ph-assets/HDRIs/hdr/4k/studio_small_09_4k.hdr	Sergej Majboroda / Poly Haven	71a876b4315e691cc095e7340228dc9bc48417c26a681b4fc30938161fc85e39
neon_photostudio	CC0	https://dl.polyhaven.org/file/ph-assets/HDRIs/hdr/4k/neon_photostudio_4k.hdr	Sergej Majboroda / Poly Haven	4bd3d2d74e80a2df07940c8d063078c45f86066d57bf74b747ac9533b73b42af
