name	licence	url	attribution	source	meta_licence	sha256	prim_has_material
100avatars-r1_Erika	CC0	https://arweave.net/GZkfa0SNnrBWluRL_pXpakg7T3K3d4l87__wR4mD3UM	Erika, 100Avatars R1 by Polygonal Mind, via Open Source Avatars registry	https://raw.githubusercontent.com/toxsam/open-source-avatars/0f9a1b2fd99894736563d55b2c9dc9125700d081/data/avatars/100avatars-r1.json	CC0	ac2030d23c791065e5cd596e251257269bc55b8c76b29a6ebf183bcfe8c7c1f7	yes
100avatars-r1_Jennifer	CC0	https://arweave.net/LKp1uJLAZFmncdCNSZ8oopU7ZElXTvn4BmM4CUcFclc	Jennifer, 100Avatars R1 by Polygonal Mind, via Open Source Avatars registry	https://raw.githubusercontent.com/toxsam/open-source-avatars/0f9a1b2fd99894736563d55b2c9dc9125700d081/data/avatars/100avatars-r1.json	CC0	59d7d7e79d4ad24d097dfade6ca067dd99ecc885ec5545b4d61aeda357505a92	yes
100avatars-r1_Kate	CC0	https://arweave.net/1q4IQwLQXJVS0JGSpeXlRdazmZYdwJbmLbTv7o0s5Y8	Kate, 100Avatars R1 by Polygonal Mind, via Open Source Avatars registry	https://raw.githubusercontent.com/toxsam/open-source-avatars/0f9a1b2fd99894736563d55b2c9dc9125700d081/data/avatars/100avatars-r1.json	CC0	d857bca56a26730b4f78872ffa322d11b6f427580e3224d1b1cd43368b50f9de	yes
100avatars-r1_Kyle	CC0	https://arweave.net/0E5wEEVl5VGCcuGVQylq3dpC3TClLR3JhuhEyhYh7NQ	Kyle, 100Avatars R1 by Polygonal Mind, via Open Source Avatars registry	https://raw.githubusercontent.com/toxsam/open-source-avatars/0f9a1b2fd99894736563d55b2c9dc9125700d081/data/avatars/100avatars-r1.json	CC0	ada231a97a93df38f5337edc10be6ce646a93da86fecdf241ad4a85583e54ff0	yes
100avatars-r1_Lydia	CC0	https://arweave.net/x48D7v037irPQYG7e0vZLDV1E3x5-KookbP9-vaXvYE	Lydia, 100Avatars R1 by Polygonal Mind, via Open Source Avatars registry	https://raw.githubusercontent.com/toxsam/open-source-avatars/0f9a1b2fd99894736563d55b2c9dc9125700d081/data/avatars/100avatars-r1.json	CC0	441500ca343d37c4bef3461a015dfab8fff4850613728db5a32b8d0dfd1c1e65	yes
100avatars-r1_Mikel	CC0	https://arweave.net/-eJyDjujQRvakRImdvulg-1dKQkPwMeQv-55IbKqLh4	Mikel, 100Avatars R1 by Polygonal Mind, via Open Source Avatars registry	https://raw.githubusercontent.com/toxsam/open-source-avatars/0f9a1b2fd99894736563d55b2c9dc9125700d081/data/avatars/100avatars-r1.json	CC0	d53177897756be00446e5bcd0a5ab605b2d29e614f7c491a2d9a7c67dde0be0e	yes
100avatars-r1_Olivia	CC0	https://arweave.net/MgsNlTetzAoVEC6E-lswj65vp7StkOZXXd5OjjqzYZI	Olivia, 100Avatars R1 by Polygonal Mind, via Open Source Avatars registry	https://raw.githubusercontent.com/toxsam/open-source-avatars/0f9a1b2fd99894736563d55b2c9dc9125700d081/data/avatars/100avatars-r1.json	CC0	d2597a8e0f6fbfc6c1e77886b737cea9cd9d2640474dc5cb5eafc847376a2473	yes
100avatars-r1_Ro	CC0	https://arweave.net/6S5a74z2s5aZrTE71nJR1a1j9x5v46mPy3MKJZMylwg	Ro, 100Avatars R1 by Polygonal Mind, via Open Source Avatars registry	https://raw.githubusercontent.com/toxsam/open-source-avatars/0f9a1b2fd99894736563d55b2c9dc9125700d081/data/avatars/100avatars-r1.json	CC0	094c8e91fb27e19e18027b876643e73502453f52f9c741ec3d1ec70db712f10a	yes
100avatars-r1_Robert	CC0	https://arweave.net/gwG7w4bY-A5c3R6A6GOz3xBCgbPvkFQmqPIDtvnNsYI	Robert, 100Avatars R1 by Polygonal Mind, via Open Source Avatars registry	https://raw.githubusercontent.com/toxsam/open-source-avatars/0f9a1b2fd99894736563d55b2c9dc9125700d081/data/avatars/100avatars-r1.json	CC0	5e3edaf330577ee4c3f6440b8989af3722e7c800bb90eb037f1c05cdfe61fd7c	yes
100avatars-r1_Rose	CC0	https://arweave.net/Ea1KXujzJatQgCFSMzGOzp_UtHqB1pyia--U3AtkMAY	Rose, 100Avatars R1 by Polygonal Mind, via Open Source Avatars registry	https://raw.githubusercontent.com/toxsam/open-source-avatars/0f9a1b2fd99894736563d55b2c9dc9125700d081/data/avatars/100avatars-r1.json	CC0	8e44e5638ffdf935e5d6fa990aa6cba428269f342f2db024c2961ee286a41e5f	yes
100avatars-r1_Samuela	CC0	https://arweave.net/4VjBzmk3iDQS0-013pUMFpFYbKGNTL4qcQ-PVwADxk4	Samuela, 100Avatars R1 by Polygonal Mind, via Open Source Avatars registry	https://raw.githubusercontent.com/toxsam/open-source-avatars/0f9a1b2fd99894736563d55b2c9dc9125700d081/data/avatars/100avatars-r1.json	CC0	4239cf278f8c8add791c84106cce0b50e20f525bc34f9d28d50a7cdb0ebb5e40	yes
100avatars-r1_Shiro	CC0	https://arweave.net/7skrWhSd_4mrqe-tiqMfCL746xu8UWghRh1dZm7irzM	Shiro, 100Avatars R1 by Polygonal Mind, via Open Source Avatars registry	https://raw.githubusercontent.com/toxsam/open-source-avatars/0f9a1b2fd99894736563d55b2c9dc9125700d081/data/avatars/100avatars-r1.json	CC0	db233ad9cb27bce14d6c24d8960cbbdf789897fc7e20af0539032e10f0eb960f	yes
100avatars-r1_Witch	CC0	https://arweave.net/0YLwWzDkvVWn9ttv2RAdc8bvWcCBjvYPpu7fpjpHYU0	Witch, 100Avatars R1 by Polygonal Mind, via Open Source Avatars registry	https://raw.githubusercontent.com/toxsam/open-source-avatars/0f9a1b2fd99894736563d55b2c9dc9125700d081/data/avatars/100avatars-r1.json	CC0	33fa9a9c4c10d0ba0ab22a051809afddb9b53e7f51cbb69df91e1bf9e1653652	yes
100avatars-r2_MoonGirl	CC0	https://arweave.net/m39XL2LTq_7B1kSjjfsiA_DDqFlfs0TOWjFZy-x8Grc	MoonGirl, 100Avatars R2 by Polygonal Mind, via Open Source Avatars registry	https://raw.githubusercontent.com/toxsam/open-source-avatars/0f9a1b2fd99894736563d55b2c9dc9125700d081/data/avatars/100avatars-r2.json	CC0	4f37152f0f419aac10f50affe65fd4add03747dbf0f4b3fb00d63716a586b360	yes
100avatars-r3_AlienTeen	CC0	https://arweave.net/j4VaJTdrBw6gXFWJEeq52mrKwnjsfPY1MZNdTiCXgRs	AlienTeen, 100Avatars R3 by Polygonal Mind, via Open Source Avatars registry	https://raw.githubusercontent.com/toxsam/open-source-avatars/0f9a1b2fd99894736563d55b2c9dc9125700d081/data/avatars/100avatars-r3.json	CC0	51d8b4914fae85524ed8d9600ead48e6f71eaec8f8d211dd0d3fc95abdee5e45	yes
100avatars-r3_Anna	CC0	https://arweave.net/RqDioyluCcxDNHFPoXLUlbEQjhP1Fy9HtaGzLFVh0mE	Anna, 100Avatars R3 by Polygonal Mind, via Open Source Avatars registry	https://raw.githubusercontent.com/toxsam/open-source-avatars/0f9a1b2fd99894736563d55b2c9dc9125700d081/data/avatars/100avatars-r3.json	CC0	8694d2a0c09014524d5bc7fdf870f55b6efb8dbd5b399d91bde353b779502779	yes
100avatars-r3_CursedAmy	CC0	https://arweave.net/iHBGnnxHtgRsMLk674wxqbYiZZFG8NVhd3aDcj9bI3k	CursedAmy, 100Avatars R3 by Polygonal Mind, via Open Source Avatars registry	https://raw.githubusercontent.com/toxsam/open-source-avatars/0f9a1b2fd99894736563d55b2c9dc9125700d081/data/avatars/100avatars-r3.json	CC0	de2d0efc86108559c9f0064a4b75f0be4db12070a08637365250728aae87167b	yes
100avatars-r3_Eugenia	CC0	https://arweave.net/saOexMViu7mqSeaXfQzNIPrKWQ0nqkSf-FpOQjZfBcU	Eugenia, 100Avatars R3 by Polygonal Mind, via Open Source Avatars registry	https://raw.githubusercontent.com/toxsam/open-source-avatars/0f9a1b2fd99894736563d55b2c9dc9125700d081/data/avatars/100avatars-r3.json	CC0	48fbb80dfd25e488371f85175ac5ea1821785f710355a7cc82f4ae273cd4c150	yes,yes
100avatars-r3_Jenny	CC0	https://arweave.net/kgTirc4OvUWbJhIKC2CB3_pYsYuB62KTj90IdE8s3sk	Jenny, 100Avatars R3 by Polygonal Mind, via Open Source Avatars registry	https://raw.githubusercontent.com/toxsam/open-source-avatars/0f9a1b2fd99894736563d55b2c9dc9125700d081/data/avatars/100avatars-r3.json	CC0	9f287e57a973b245365d7252bc6852c6c29904f8bb09e291f58cbee9a3f1298c	yes
100avatars-r3_Juanita	CC0	https://arweave.net/nyMyZZx5lN2DXsmBgbGQSnt3PuXYN7AAjz9QJrjitLo	Juanita, 100Avatars R3 by Polygonal Mind, via Open Source Avatars registry	https://raw.githubusercontent.com/toxsam/open-source-avatars/0f9a1b2fd99894736563d55b2c9dc9125700d081/data/avatars/100avatars-r3.json	CC0	95d9f7cbf72ee5d46d15f932c8ee5d1986d70242589ad2efadfe81a2089da98f	yes
100avatars-r3_LadyFawn	CC0	https://arweave.net/irXzuViKMyT1wGa5tqWQZCCqZPb_uVzU23Wgl1pHC_0	LadyFawn, 100Avatars R3 by Polygonal Mind, via Open Source Avatars registry	https://raw.githubusercontent.com/toxsam/open-source-avatars/0f9a1b2fd99894736563d55b2c9dc9125700d081/data/avatars/100avatars-r3.json	CC0	404e6549cfff0734ac0279af55ce9b262747c1a78430516a23f8a01ba7879283	yes
100avatars-r3_StitchWitch	CC0	https://arweave.net/O-cHPoD2LyfqSbkltB15-nwGK1aUT0M1JMLf1-gq46g	StitchWitch, 100Avatars R3 by Polygonal Mind, via Open Source Avatars registry	https://raw.githubusercontent.com/toxsam/open-source-avatars/0f9a1b2fd99894736563d55b2c9dc9125700d081/data/avatars/100avatars-r3.json	CC0	0f4a29f09f2288d37eac5d5eb5dceced6b59e3585941e751e82aa8472c162a2d	yes,yes
100avatars-r3_Vladi	CC0	https://arweave.net/RFKE0Snx7V32gjvV82GcXT9-R7rDySQaKWlf1a2oYUc	Vladi, 100Avatars R3 by Polygonal Mind, via Open Source Avatars registry	https://raw.githubusercontent.com/toxsam/open-source-avatars/0f9a1b2fd99894736563d55b2c9dc9125700d081/data/avatars/100avatars-r3.json	CC0	f9a67a8168c146909e86287c2345393c070230dc6b28477bfe3d1bd2ac80e6a3	yes
toxsam_Aurora	CC0	https://gateway.pinata.cloud/ipfs/QmVvfCcAKYozNQwwxPbHyNohLyBJbTrCBSM1Ycck3ouJSj/Avartar_Aurora.vrm	Aurora, ToxSam by ToxSam, via Open Source Avatars registry	https://raw.githubusercontent.com/toxsam/open-source-avatars/0f9a1b2fd99894736563d55b2c9dc9125700d081/data/avatars/toxsam.json	CC0	9c205fb2b3188b6b37a7e089ee45a32f5602684929076fa71253fcd61f11151d	yes,yes
toxsam_Orion	CC0	https://gateway.pinata.cloud/ipfs/Qmed8jVF5FvBn6Jerxk8Wm5DwRjuAHRfBXgofTue37orBC/Avatar_Orion.vrm	Orion, ToxSam by ToxSam, via Open Source Avatars registry	https://raw.githubusercontent.com/toxsam/open-source-avatars/0f9a1b2fd99894736563d55b2c9dc9125700d081/data/avatars/toxsam.json	CC0	efa262d131a6bd919c1a776f0707c2d358bfb3bf0b82e6886b43d873969574f5	yes,yes
